order_number,brand_name,product_name,price,quantity,total_discount,seller_commission_percent,logistic_cost,seller_id
9427,Romance,Test Brightness,54900,1,0,0.15,3500,1
9426,Daytona,Test Finesse,32000,1,0,0.2,3500,2918
9425,Romance,Test Rover,47900,1,0,0.15,3500,1481
9424,Testzoid,Test Legacy,31000,2,0,0.2,3500,14305
9423,Testzoid,Test Jump,30000,1,0,0.2,3500,12267
9422,Angora,Test Trendy,42900,1,0,0.14,3500,12267
9421,Angora,Test Cleo,55900,1,0,0.15,3500,6861
9420,Ravish,Test Savage,35500,1,0,0.15,3500,10535
9419,Angora,Test H20,31900,1,0,0.13,3500,1006
9418,Commune,Test Tempting,52900,1,0,0.13,3500,1230
9417,Angora,Test Errorless,45500,1,0,0.13,3500,15066
9416,Covert,Test Road,69900,1,0,0.17,3500,2701
9415,Flawless,Test Grip,49700,1,0,0.15,3500,2541
9414,Ravish,Test Savage,35500,1,0,0.15,3500,6903
9413,Ravish,Test Savage,35500,1,0,0.15,3500,6903
9412,Romance,Test Bar,39900,1,0,0.15,3500,15870
9411,Flawless,Test Canvas,49700,1,0,0.15,3500,12972
9410,Romance,Test Refinement,84900,1,0,0.15,3500,3655
9409,Testzoid,Test Legacy,31000,1,0,0.2,3500,4931
9408,Testzoid,Test Femme,33000,1,0,0.2,3500,12972
9407,Romance,Test Classics,69900,1,0,0.15,3500,478
9406,Romance,Test Classics,69900,1,0,0.15,3500,345
9405,Onyx,Test Intensity,50000,1,0,0.24,3500,345
9404,Romance,Test Focus,44900,1,0,0.15,3500,311
9400,Flawless,Test Grip,49700,1,0,0.15,3500,4714
9399,Ravish,Test Savage,35500,1,0,0.15,3500,6903
9398,Esthetic,Test Marvel,65000,1,0,0.1,3500,15636
9397,Romance,Test Lion,76900,1,0,0.15,3500,7291
9396,Boulevard,Test Iron,63000,1,0,0.1,3500,1481
9395,Ravish,Test Savage,35500,1,0,0.15,3500,6903
9393,Romance,Test Focus,44900,1,0,0.15,3500,311
9392,Madras,Test Bear,35000,1,0,0.15,3500,6903
9391,Shelter,Test Flex,35000,1,0,0.18,3500,1481
9390,Siren,Test Ageless,30000,1,0,0.15,3500,1481
9389,Testzoid,Test Classic,25000,1,0,0.2,3500,14908
9388,Testzoid,Test Haute,16500,1,0,0.2,3500,15066
9388,Covert,Test Body,79901,1,0,0.2,3500,15066
9387,Romance,Test Gentle,38900,1,0,0.15,3500,6151
9386,Ravish,Test Savage,35500,1,0,0.15,3500,14596
9385,Beach,Test Crooks,99000,1,0,0.15,3500,6151
9384,Romance,Test Box,37900,1,0,0.15,3500,1512
9383,Esthetic,Test Hercules,65000,1,0,0.1,3500,15636
9382,Romance,Test Coverage,43900,1,0,0.15,3500,6151
9381,Romance,Test Action,33900,1,0,0.15,3500,1481
9380,Madras,Test Bear,35000,1,0,0.15,3500,1
9380,Shelter,Test Cannon,35000,1,0,0.18,3500,1
9380,Glance,Test Hustler,14000,1,0,0.2,3500,1
9379,Romance,Test Fit,34900,1,0,0.15,3500,4027
9378,Testzoid,Test Haute,16500,1,0,0.2,3500,1
9378,Covert,Test Body,79901,1,0,0.2,3500,1
9377,Flawless,Test Swish,49700,1,0,0.15,3500,15028
9376,Romance,Test Contour,73900,1,0,0.15,3500,1230
9375,Madras,Test Bear,35000,1,0,0.15,3500,6903
9374,Romance,Test Contour,73900,1,0,0.15,3500,6861
9373,Boulevard,Test Potential,49000,1,0,0.1,3500,10535
9372,Testzoid,Test Pure,18000,2,0,0.2,3500,1
9371,Madras,Test Bear,35000,1,0,0.15,3500,6903
9370,Enviable,Test Lust,18000,1,0,0.25,3500,7038
9370,Testzoid,Test Lit,16000,1,0,0.2,3500,7038
9368,Testzoid,Test Groove,33000,1,0,0.2,3500,8963
9367,Testzoid,Test Lit,16000,1,0,0.2,3500,7038
9367,Testzoid,Test Factory,16500,1,0,0.2,3500,7038
9366,Ravish,Test Savage,35500,1,0,0.15,3500,6903
9365,Romance,Test Function,94900,1,0,0.15,3500,6151
9364,Covert,Test Canyon,169900,1,0,0.07,3500,8963
9362,Romance,Test Enticing,47900,1,0,0.15,3500,15066
9362,Enviable,Test Pulse,18000,1,0,0.25,3500,15066
9361,Boulevard,Test Burn,70000,1,0,0.1,3500,4157
9360,Daytona,Test Miraculous,65000,1,0,0.2,3500,15066
9359,Covert,Test Canyon,169900,1,0,0.07,3500,8963
9358,Ravish,Test Savage,35500,1,0,0.15,3500,6903
9357,Ravish,Test Sweat,42000,1,0,0.15,3500,10535
9356,Madras,Test Bear,35000,1,0,0.15,3500,14829
9355,Shelter,Test Lust,132000,1,0,0.18,3500,1
9354,Romance,Test Gentle,38900,1,0,0.15,3500,7291
9353,Romance,Test Attractor,79893,1,0,0.15,3500,2779
9352,Romance,Test Captivate,34900,1,0,0.15,3500,2779
9351,Ravish,Test Savage,35500,1,0,0.15,3500,10535
9350,Ravish,Test Savage,35500,1,0,0.15,3500,10535
9349,Ravish,Test Savage,35500,1,0,0.15,3500,10535
9347,Angora,Test Fetching,55900,1,0,0.15,3500,4714
9346,Testzoid,Test Jump,30000,1,0,0.2,3500,13066
9345,Romance,Test Attractor,79893,1,0,0.15,3500,4714
9344,Testzoid,Test Femme,33000,1,0,0.2,3500,12972
9343,Ravish,Test Savage,35500,1,0,0.15,3500,6903
9342,Ravish,Test Savage,35500,1,0,0.15,3500,6903
9341,Romance,Test Gentle,38900,1,0,0.15,3500,4714
9339,Ravish,Test Savage,35500,1,0,0.15,3500,6903
9338,Enviable,Test Lust,18000,1,0,0.25,3500,14711
9338,Daytona,Test Beast,22000,1,0,0.2,3500,14711
9337,Boulevard,Test Greek,55000,1,0,0.1,3500,8963
9336,Covert,Test Canyon,169900,1,0,0.07,3500,8963
9335,Beach,Test Flex,80000,1,0,0.15,3500,13726
9334,Ravish,Test Savage,35500,1,0,0.15,3500,10535
9333,Ravish,Test Savage,35500,1,0,0.15,3500,1
9332,Angora,Test Errorless,45500,1,0,0.13,3500,14943
9331,Testzoid,Test Jump,30000,1,0,0.2,3500,14069
9330,Romance,Test Rover,47900,1,0,0.15,3500,15135
9329,Romance,Test Lift,87500,1,0,0.15,3500,6151
9328,Romance,Test Attractor,79893,1,0,0.15,3500,4027
9327,Romance,Test Sombre,33900,1,0,0.15,3500,2541
9326,Covert,Test Flawless,99900,1,0,0.12,3500,2701
9325,Romance,Test Sombre,33900,1,0,0.15,3500,2701
9324,Covert,Test Splendour,139900,1,0,0.08,3500,8963
9323,Romance,Test Rover,47900,1,0,0.15,3500,1481
9322,Covert,Test Canyon,169900,1,0,0.07,3500,8963
9321,Romance,Test Rover,47900,1,0,0.15,3500,1481
9320,Siren,Test Bones,73500,1,0,0.15,3500,13010
9318,Boulevard,Test Potential,49000,1,0,0.1,3500,14886
9317,Madras,Test Bear,35000,1,0,0.15,3500,12806
9316,Romance,Test Rover,47900,1,0,0.15,3500,1481
9315,Beach,Test Flex,80000,1,0,0.15,3500,4157
9314,Romance,Test Rover,47900,1,0,0.15,3500,1481
9313,Testzoid,Test Factory,16500,1,0,0.2,3500,13680
9313,Testzoid,Test Lit,16000,1,0,0.2,3500,13680
9312,Ravish,Test Savage,35500,1,0,0.15,3500,6845
9311,Romance,Test Topic,89900,1,0,0.15,3500,7291
9310,Angora,Test Fetching,55900,1,0,0.15,3500,1845
9309,Beach,Test Become,65000,1,0,0.15,3500,4027
9308,Beach,Test Become,65000,1,0,0.15,3500,4027
9307,Romance,Test Rover,47900,1,0,0.15,3500,1481
9306,Romance,Test Rover,47900,1,0,0.15,3500,1481
9305,Testzoid,Test Groove,33000,1,0,0.2,3500,1481
9304,Romance,Test Rover,47900,1,0,0.15,3500,1481
9303,Romance,Test Coverage,43900,1,0,0.15,3500,6151
9302,Ravish,Test Savage,35500,1,0,0.15,3500,14708
9301,Beach,Test Crooks,99000,1,0,0.15,3500,6151
9300,Romance,Test Originals,47900,1,0,0.15,3500,4112
9299,Romance,Test Gentle,38900,1,0,0.15,3500,6151
9298,Romance,Test Atom,49900,1,0,0.15,3500,2918
9298,Covert,Test Kamakazi,68900,1,0,0.2,3500,2918
9297,Romance,Test Barter,69900,1,0,0.15,3500,1512
9296,Romance,Test Attractor,79893,1,0,0.15,3500,4714
9295,Beach,Test Diverse,85000,1,0,0.15,3500,1
9294,Ravish,Test Savage,35500,1,0,0.15,3500,9906
9293,Esthetic,Test Cave,75000,1,0,0.1,3500,4112
9292,Beach,Test Eclipse,149000,1,0,0.15,3500,9906
9291,Ravish,Test Savage,35500,1,0,0.15,3500,4376
9290,Romance,Test Attractor,79893,1,0,0.15,3500,6346
9289,Romance,Test Coverage,43900,1,0,0.15,3500,6151
9288,Beach,Test Flex,80000,2,0,0.15,3500,6346
9287,Romance,Test Ultra,37900,1,0,0.15,3500,12309
9286,Romance,Test Lovesome,54900,1,0,0.15,3500,6861
9285,Testzoid,Test Panda,16500,1,0,0.2,3500,2455
9285,Testzoid,Test Lit,16000,2,0,0.2,3500,2455
9285,Madras,Test Hammer,30000,1,0,0.15,3500,2455
9285,Testzoid,Test Factory,16500,2,0,0.2,3500,2455
9284,Ravish,Test Savage,35500,1,0,0.15,3500,12962
9283,Siren,Test Tomb,30000,1,0,0.15,3500,6903
9282,Romance,Test Gentle,38900,1,0,0.15,3500,6151
9281,Romance,Test Barter,69900,1,0,0.15,3500,12972
9280,Beach,Test Flex,80000,1,0,0.15,3500,6346
9279,Romance,Test Classics,69900,1,0,0.15,3500,8963
9278,Romance,Test Sombre,33900,1,0,0.15,3500,4157
9277,Beach,Test Venust,55000,1,0,0.15,3500,4112
9276,Romance,Test Captivate,34900,1,0,0.15,3500,6346
9275,Romance,Test Contour,73900,1,0,0.15,3500,2568
9274,Romance,Test Sombre,33900,1,0,0.15,3500,13718
9273,Ravish,Test Savage,35500,1,0,0.15,3500,13569
9272,Romance,Test Attractor,79893,1,0,0.15,3500,4714
9270,Romance,Test Lovesome,54900,1,0,0.15,3500,2568
9269,Romance,Test Lion,76900,1,0,0.15,3500,6151
9268,Esthetic,Test Splash,75000,1,0,0.1,3500,6861
9268,Esthetic,Test Heroic,75000,1,0,0.1,3500,6861
9267,Esthetic,Test Rose,55000,1,0,0.1,3500,6861
9266,Romance,Test Gentle,38900,1,0,0.15,3500,6151
9265,Esthetic,Test Marvel,65000,1,0,0.1,3500,4112
9264,Esthetic,Test Sugar,55000,1,0,0.1,3500,4112
9263,Romance,Test Ultra,37900,1,0,0.15,3500,1512
9262,Romance,Test Ultra,37900,1,0,0.15,3500,1512
9261,Romance,Test Sombre,33900,1,0,0.15,3500,2541
9260,Angora,Test H20,31900,1,0,0.13,3500,4112
9259,Beach,Test Venust,55000,1,0,0.15,3500,4112
9258,Romance,Test Coverage,43900,2,0,0.15,3500,6151
9257,Romance,Test Function,94900,1,0,0.15,3500,6151
9256,Romance,Test Attractor,79893,1,0,0.15,3500,4714
9255,Siren,Test Nude,30000,1,0,0.15,3500,6195
9254,Testzoid,Test Factory,16500,1,0,0.2,3500,1
9254,Testzoid,Test Lit,16000,1,0,0.2,3500,1
9253,Romance,Test Attractor,79893,1,0,0.15,3500,4714
9252,Covert,Test Dapper,899900,1,0,0.03,3500,1
9250,Siren,Test Top,40000,1,0,0.15,3500,4112
9249,Covert,Test Embrace,169900,1,0,0.07,3500,2701
9248,Romance,Test Run,37900,1,0,0.15,3500,4714
9247,Romance,Test Attractor,79893,1,0,0.15,3500,4714
9246,Romance,Test Attractor,79893,1,0,0.15,3500,4714
9245,Romance,Test Classics,69900,1,0,0.15,3500,6346
9244,Flawless,Test Swish,49700,1,0,0.15,3500,14652
9243,Romance,Test Contour,73900,1,0,0.15,3500,8963
9242,Beach,Test Flex,80000,1,0,0.15,3500,3655
9241,Angora,Test Fetching,55900,1,0,0.15,3500,478
9240,Romance,Test Classics,69900,1,0,0.15,3500,6346
9239,Romance,Test Habit,54900,1,0,0.15,3500,1006
9238,Testzoid,Test Femme,33000,1,0,0.2,3500,14789
9237,Boulevard,Test Madras,55000,1,0,0.09,3500,6346
9236,Romance,Test Daytona,59900,1,0,0.15,3500,4778
9235,Beach,Test Goliath,45000,1,0,0.15,3500,12866
9234,Testzoid,Test Pure,18000,1,0,0.2,3500,478
9234,Testzoid,Test Legacy,31000,1,0,0.2,3500,478
9233,Romance,Test Barter,69900,1,0,0.15,3500,12972
9232,Angora,Test FX,49900,1,0,0.12,3500,6151
9231,Testzoid,Test Groove,33000,1,0,0.2,3500,1512
9230,Testzoid,Test Lit,16000,4,0,0.2,3500,4147
9230,Daytona,Test Enlivening,47000,1,0,0.2,3500,4147
9230,Daytona,Test Hulk,47000,1,0,0.2,3500,4147
9229,Romance,Test Ultra,37900,1,0,0.15,3500,1512
9228,Romance,Test Rebel,59900,1,0,0.15,3500,1512
9227,Romance,Test Rebel,59900,1,0,0.15,3500,4714
9226,Romance,Test Bar,39900,1,0,0.15,3500,1230
9225,Ravish,Test Savage,35500,1,0,0.15,3500,14652
9225,Romance,Test Brightness,54900,1,0,0.15,3500,14652
9224,Romance,Test Sombre,33900,1,0,0.15,3500,2541
9223,Flawless,Test Chic,36700,1,0,0.15,3500,2541
9222,Romance,Test Ultra,37900,1,0,0.15,3500,1512
9221,Romance,Test Rebel,59900,1,0,0.15,3500,4714
9220,Beach,Test Become,65000,1,0,0.15,3500,14386
9219,Testzoid,Test Groove,33000,1,0,0.2,3500,14653
9219,Ravish,Test Savage,35500,1,0,0.15,3500,14653
9218,Angora,Test Flair,28700,1,0,0.15,3500,13680
9218,Testzoid,Test Lit,16000,1,0,0.2,3500,13680
9217,Flawless,Test Silhouette,43890,1,0,0.15,3500,1
9216,Beach,Test Hazel,39000,1,0,0.15,3500,14456
9215,Romance,Test Anchor,94900,1,0,0.15,3500,1173
9214,Romance,Test Ultra,37900,1,0,0.15,3500,12309
9213,Romance,Test Anchor,94900,1,0,0.15,3500,4714
9212,Madras,Test Moisturise,30000,1,0,0.15,3500,11680
9212,Testzoid,Test Lit,16000,1,0,0.2,3500,11680
9211,Angora,Test Fantasy,35900,1,0,0.13,3500,6151
9211,Angora,Test Swank,49900,1,0,0.12,3500,6151
9210,Testzoid,Test Jump,30000,1,0,0.2,3500,7484
9209,Romance,Test Action,33900,1,0,0.15,3500,14602
9208,Romance,Test Ultra,37900,1,0,0.15,3500,1512
9206,Beach,Test Luxuriate,80000,1,0,0.15,3500,14675
9205,Flawless,Test Afterburner,33700,1,0,0.15,3500,10210
9204,Angora,Test Errorless,45500,1,0,0.13,3500,12972
9203,Testzoid,Test Antheia,48000,1,0,0.2,3500,7484
9203,Testzoid,Test Groove,33000,1,0,0.2,3500,7484
9203,Testzoid,Test Lit,16000,1,0,0.2,3500,7484
9202,Romance,Test Overload,54900,1,0,0.15,3500,14414
9201,Romance,Test Refinement,84900,1,0,0.15,3500,478
9200,Testzoid,Test Factory,16500,1,0,0.2,3500,1
9200,Mode,Test Bone,19000,1,0,0.1,3500,1
9200,Daytona,Test Dandy,19500,1,0,0.2,3500,1
9199,Romance,Test Classics,69900,1,0,0.15,3500,1
9198,Romance,Test Ultra,37900,1,0,0.15,3500,12309
9197,Daytona,Test Emerald,31000,1,0,0.2,3500,12103
9196,Romance,Test Brightness,54900,1,0,0.15,3500,14652
9195,Romance,Test Fit,34900,1,0,0.15,3500,478
9194,Enviable,Test Flossy,22300.34,1,0,0.25,3500,1
9193,Angora,Test Errorless,45500,1,0,0.13,3500,14503
9192,Romance,Test Ultra,37900,1,0,0.15,3500,12309
9191,Onyx,Test Olympic,30000,1,0,0.22,3500,13643
9191,Testzoid,Test Classic,25000,1,0,0.2,3500,13643
9191,Testzoid,Test Freya,18000,1,0,0.2,3500,13643
9191,Testzoid,Test Pure,18000,1,0,0.2,3500,13643
9191,Testzoid,Test Potential,16500,1,0,0.2,3500,13643
9190,Commune,Test Tempting,52900,1,0,0.13,3500,478
9189,Flawless,Test Colorist,95700,1,0,0.15,3500,12594
9188,Romance,Test Ultra,37900,1,0,0.15,3500,8963
9187,Romance,Test Lift,87500,1,0,0.15,3500,8963
9186,Romance,Test Anchor,94900,1,0,0.15,3500,4714
9185,Romance,Test Classics,69900,1,0,0.15,3500,6346
9184,Daytona,Test Miraculous,65000,1,0,0.2,3500,12317
9183,Ravish,Test Savage,35500,1,0,0.15,3500,1
9182,Testzoid,Test Factory,16500,1,0,0.2,3500,2541
9182,Testzoid,Test Lit,16000,1,0,0.2,3500,2541
9181,Romance,Test Bar,39900,1,0,0.15,3500,2779
9180,Beach,Test Shining,65000,1,0,0.15,3500,345
9179,Kit,Test Elfin,36140,1,0,0.2,3500,14223
9178,Ravish,Test Savage,35500,1,0,0.15,3500,13718
9177,Angora,Test Fetching,55900,1,0,0.15,3500,1481
9176,Beach,Test Goliath,45000,1,0,0.15,3500,14069
9176,Angora,Test Errorless,45500,1,0,0.13,3500,14069
9175,Testzoid,Test Jump,30000,1,0,0.2,3500,2541
9174,Beach,Test Goliath,45000,1,0,0.15,3500,14469
9173,Angora,Test Swank,49900,1,0,0.12,3500,14083
9173,Angora,Test H20,31900,1,0,0.13,3500,14083
9172,Ravish,Test Savage,35500,1,0,0.15,3500,14176
9171,Romance,Test Daring,74900,1,0,0.15,3500,13740
9170,Flawless,Test Swish,49700,1,9940,0.15,3500,4714
9169,Romance,Test Refinement,84900,1,0,0.15,3500,1512
9168,Angora,Test Fantasy,35900,1,0,0.13,3500,1
9167,Testzoid,Test Legacy,31000,1,0,0.2,3500,14216
9166,Romance,Test Sombre,33900,1,0,0.15,3500,12962
9165,Flawless,Test Swish,49700,1,9940,0.15,3500,13569
9164,Romance,Test Ultra,37900,1,0,0.15,3500,1512
9163,Romance,Test Lovesome,54900,1,0,0.15,3500,2541
9162,Beach,Test Ice,49000,1,0,0.15,3500,14285
9161,Romance,Test Lift,87500,1,0,0.15,3500,10210
9160,Flawless,Test Grip,49700,1,9940,0.15,3500,2541
9159,Romance,Test Life,67900,1,0,0.15,3500,478
9158,Romance,Test Function,94900,1,0,0.15,3500,6151
9157,Flawless,Test Swap,131700,1,26340,0.15,3500,4714
9156,Testzoid,Test Diamond,35000,1,0,0.2,3500,13643
9156,Testzoid,Test Potential,16500,1,0,0.2,3500,13643
9156,Testzoid,Test Freya,18000,1,0,0.2,3500,13643
9156,Testzoid,Test Sport,25000,1,0,0.2,3500,13643
9155,Testzoid,Test Wanderlust,18000,2,0,0.2,3500,14201
9154,Beach,Test Forever,130000,1,0,0.15,3500,311
9153,Romance,Test Rover,47900,1,0,0.15,3500,1481
9152,Romance,Test Function,94900,1,0,0.15,3500,6151
9151,Romance,Test Rover,47900,1,0,0.15,3500,6346
9150,Romance,Test Rover,47900,1,0,0.15,3500,1481
9149,Flawless,Test Captivate,116700,1,23340,0.15,3500,2541
9148,Flawless,Test Galvanic,126700,1,25340,0.15,3500,2541
9147,Testzoid,Test Factory,16500,1,0,0.2,3500,13680
9147,Testzoid,Test Lit,16000,2,0,0.2,3500,13680
9146,Romance,Test Sombre,33900,1,0,0.15,3500,2541
9145,Romance,Test Refinement,84900,1,0,0.15,3500,1512
9144,Romance,Test Rover,47900,1,0,0.15,3500,6151
9143,Romance,Test Glamour,37900,1,0,0.15,3500,12309
9142,Romance,Test Sombre,33900,1,0,0.15,3500,2541
9141,Angora,Test Fantasy,35900,1,0,0.13,3500,13908
9140,Flawless,Test Swish,49700,1,9940,0.15,3500,8963
9139,Covert,Test Lilac,89900,1,0,0.13,3500,4931
9138,Romance,Test Classics,69900,1,0,0.15,3500,8963
9137,Flawless,Test Swish,49700,1,9940,0.15,3500,7291
9136,Testzoid,Test Pure,18000,3,0,0.2,3500,1
9136,Testzoid,Test Haute,16500,3,0,0.2,3500,1
9136,Testzoid,Test Panda,16500,3,0,0.2,3500,1
9135,Flawless,Test Hardcore,35700,1,0,0.15,3500,13726
9134,Romance,Test Familiar,37900,1,0,0.15,3500,1512
9133,Romance,Test Familiar,37900,1,0,0.15,3500,1512
9132,Romance,Test Familiar,37900,1,0,0.15,3500,1512
9131,Romance,Test Familiar,37900,1,0,0.15,3500,1512
9130,Madras,Test Sonic,30000,1,0,0.15,3500,345
9130,Daytona,Test Dandy,19500,1,0,0.2,3500,345
9129,Romance,Test Familiar,37900,1,0,0.15,3500,2836
9128,Angora,Test Armour,28700,1,0,0.15,3500,12806
9127,Romance,Test Captivate,34900,1,0,0.15,3500,2568
9126,Romance,Test Rover,47900,1,0,0.15,3500,7291
9125,Romance,Test Familiar,37900,1,0,0.15,3500,1512
9124,Flawless,Test Swish,49700,1,9940,0.15,3500,4714
9123,Romance,Test Familiar,37900,1,0,0.15,3500,1512
9121,Romance,Test Familiar,37900,2,0,0.15,3500,1512
9120,Romance,Test Sombre,33900,1,0,0.15,3500,2568
9119,Romance,Test Sombre,33900,1,0,0.15,3500,2568
9118,Flawless,Test Samsonite,126700,1,25340,0.15,3500,2541
9117,Flawless,Test Samsonite,126700,1,25340,0.15,3500,4714
9116,Flawless,Test Samsonite,126700,1,0,0.15,3500,2541
9115,Flawless,Test Gentle,39700,1,7940,0.15,3500,3367
9114,Romance,Test Refinement,84900,1,0,0.15,3500,12447
9113,Romance,Test Sombre,33900,1,0,0.15,3500,2541
9112,Ravish,Test Savage,35500,1,0,0.15,3500,2541
9111,Testzoid,Test Legacy,31000,1,0,0.2,3500,4931
9110,Flawless,Test Bounce,59900,1,11980,0.15,3500,2780
9109,Beach,Test Become,65000,1,0,0.15,3500,845
9108,Romance,Test Classics,69900,1,0,0.15,3500,8963
9106,Flawless,Test Deific,39700,1,7940,0.15,3500,4005
9105,Ravish,Test Savage,35500,1,0,0.15,3500,14088
9104,Romance,Test Barter,69900,1,0,0.15,3500,6861
9103,Flawless,Test Gentle,39700,1,7940,0.15,3500,3367
9102,Beach,Test Shift,41000,1,0,0.12,3500,13726
9101,Flawless,Test Grip,49700,1,9940,0.15,3500,6346
9100,Flawless,Test Gentle,39700,1,7940,0.15,3500,3367
9099,Beach,Test Flex,80000,1,0,0.15,3500,478
9098,Flawless,Test Orchid,53700,1,10740,0.15,3500,8963
9097,Romance,Test Sombre,33900,1,0,0.15,3500,2541
9096,Flawless,Test Afterburner,33700,1,0,0.15,3500,2541
9095,Flawless,Test Swish,49700,1,9940,0.15,3500,478
9094,Romance,Test Rover,47900,1,0,0.15,3500,6151
9093,Romance,Test Rover,47900,1,0,0.15,3500,6151
9092,Testzoid,Test Lax,32000,1,0,0.2,3500,13735
9091,Beach,Test Beach,99000,1,0,0.15,3500,2779
9090,Flawless,Test Grip,49700,1,9940,0.15,3500,7291
9089,Flawless,Test Grip,49700,1,9940,0.15,3500,7291
9088,Flawless,Test Grip,49700,1,0,0.15,3500,7291
9087,Flawless,Test Canvas,49700,1,9940,0.15,3500,6346
9086,Romance,Test Complete,34900,1,0,0.15,3500,2773
9085,Flawless,Test Swish,49700,1,9940,0.15,3500,8813
9084,Angora,Test Errorless,45500,2,0,0.13,3500,1
9083,Testzoid,Test Groove,33000,1,0,0.2,3500,14015
9082,Covert,Test Urbane,89900,1,0,0.13,3500,8963
9081,Flawless,Test Grip,49700,1,9940,0.15,3500,6346
9080,Testzoid,Test Groove,33000,1,0,0.2,3500,13946
9079,Daytona,Test Nova,56000,1,0,0.2,3500,1
9078,Ravish,Test Savage,35500,1,0,0.15,3500,6174
9077,Romance,Test Refinement,84900,1,0,0.15,3500,7291
9076,Flawless,Test Swish,49700,1,9940,0.15,3500,8813
9075,Nip,Test Dime,15400,1,0,0.2,3500,13836
9075,Testzoid,Test Tempean,16000,1,0,0.2,3500,13836
9074,Flawless,Test Canvas,49700,1,9940,0.15,3500,6346
9073,Romance,Test Sombre,33900,1,0,0.15,3500,2541
9072,Romance,Test Sombre,33900,1,0,0.15,3500,2541
9071,Beach,Test Beach,99000,1,0,0.15,3500,4376
9070,Flawless,Test Swish,49700,1,9940,0.15,3500,478
9069,Romance,Test Run,37900,1,0,0.15,3500,2779
9068,Flawless,Test Swish,49700,1,9940,0.15,3500,478
9067,Siren,Test Bewitch,40000,1,0,0.15,3500,6346
9066,Romance,Test Refinement,84900,1,0,0.15,3500,1
9065,Flawless,Test Canvas,49700,1,9940,0.15,3500,8963
9064,Romance,Test Refinement,84900,1,0,0.15,3500,12447
9063,Romance,Test Spotless,29900,2,0,0.15,3500,1230
9062,Beach,Test Achieve,50000,1,0,0.15,3500,13670
9061,Romance,Test Sombre,33900,1,0,0.15,3500,8963
9060,Romance,Test Splendour,79900,1,0,0.15,3500,1845
9059,Testzoid,Test Lit,16000,1,0,0.2,3500,13670
9058,Covert,Test Embrace,169900,1,0,0.07,3500,8963
9057,Covert,Test Blank,59900,1,0,0.3,3500,5725
9056,Romance,Test Life,67900,1,0,0.15,3500,2701
9055,Covert,Test Embrace,169900,1,0,0.07,3500,2701
9054,Daytona,Test Lucent,31000,1,0,0.2,3500,12315
9053,Daytona,Test Elegance,22000,1,0,0.2,3500,2918
9053,Testzoid,Test Freya,18000,1,0,0.2,3500,2918
9052,Flawless,Test Grip,49700,1,0,0.15,3500,4714
9051,Romance,Test Lane,74900,1,0,0.15,3500,2779
9050,Beach,Test Flex,80000,2,0,0.15,3500,3655
9049,Covert,Test Canyon,169900,1,0,0.07,3500,8963
9048,Flawless,Test Grip,49700,1,0,0.15,3500,4157
9047,Romance,Test Lift,87500,1,0,0.15,3500,1230
9046,Flawless,Test Ample,98700,1,0,0.15,3500,6861
9045,Ravish,Test City,29900,1,0,0.15,3500,460
9045,Testzoid,Test Lit,16000,1,0,0.2,3500,460
9044,Romance,Test Captivate,34900,1,0,0.15,3500,460
9043,Romance,Test Coveted,79900,1,0,0.15,3500,2541
9042,Romance,Test Refinement,84900,1,0,0.15,3500,6151
9041,Romance,Test Sombre,33900,1,0,0.15,3500,2541
9040,Kit,Test Faille,35445,1,0,0.22,3500,1
9039,Flawless,Test Orchid,53700,1,0,0.15,3500,4714
9038,Covert,Test Deluxe,139900,1,0,0.08,3500,12219
9037,Flawless,Test Canvas,49700,1,0,0.15,3500,4714
9036,Beach,Test Streamlined,55000,1,0,0.15,3500,5531
9035,Flawless,Test Swish,49700,1,0,0.15,3500,4714
9034,Testzoid,Test Groove,33000,1,0,0.2,3500,4714
9033,Beach,Test Diverse,85000,1,0,0.15,3500,13283
9032,Flawless,Test Swish,49700,1,0,0.15,3500,1230
9031,Romance,Test Rover,47900,3,0,0.15,3500,8963
9030,Flawless,Test Orchid,53700,1,0,0.15,3500,1512
9029,Beach,Test Forever,130000,1,0,0.15,3500,311
9028,Romance,Test Function,94900,1,0,0.15,3500,1006
9027,Flawless,Test Canvas,49700,1,0,0.15,3500,1230
9026,Flawless,Test Swish,49700,1,0,0.15,3500,4714
9025,Siren,Test Type,30000,1,0,0.15,3500,13357
9024,Beach,Test Wander,160000,1,0,0.15,3500,2720
9023,Romance,Test H,59900,1,0,0.15,3500,12481
9022,Beach,Test Beach,99000,1,0,0.15,3500,7291
9021,Beach,Test Lustrous,52000,1,0,0.15,3500,1512
9020,Romance,Test Lift,87500,1,0,0.15,3500,1230
9019,Angora,Test Ajax,87000,1,0,0.14,3500,1
9018,Testzoid,Test Groove,33000,1,0,0.2,3500,1512
9017,Testzoid,Test Groove,33000,1,0,0.2,3500,1512
9016,Romance,Test Coveted,79900,1,0,0.15,3500,478
9015,Romance,Test Refinement,84900,1,0,0.15,3500,7291
9014,Kit,Test Commune,35445,1,0,0.2,3500,13263
9014,Testzoid,Test Lit,16000,1,0,0.2,3500,13263
9013,Angora,Test Errorless,45500,1,0,0.13,3500,13441
9012,Romance,Test Rover,47900,1,0,0.15,3500,8963
9011,Romance,Test Coverage,43900,2,0,0.15,3500,6151
9010,Romance,Test Addicts,119900,1,0,0.15,3500,4714
9009,Testzoid,Test Pure,18000,1,0,0.2,3500,6861
9009,Testzoid,Test Lit,16000,1,0,0.2,3500,6861
9008,Covert,Test Peachy,179900,1,0,0.2,3500,8963
9007,Testzoid,Test Factory,16500,1,0,0.2,3500,13134
9007,Nip,Test Dime,15400,1,0,0.2,3500,13134
9006,Ravish,Test Savage,35500,1,0,0.15,3500,1
9005,Romance,Test Rover,47900,1,0,0.15,3500,8963
9004,Beach,Test Public,215000,1,0,0.15,3500,2568
9003,Siren,Test Aphrodite,85000,1,0,0.15,3500,2779
9002,Romance,Test Action,33900,1,0,0.15,3500,1230
9001,Angora,Test Swag,28700,1,0,0.15,3500,11054
9001,Ravish,Test Savage,35500,1,0,0.15,3500,11054
9001,Angora,Test Marvel,82900,1,0,0.17,3500,11054
9000,Daytona,Test Emerald,31000,1,0,0.2,3500,12784
8999,Testzoid,Test Antheia,48000,1,0,0.2,3500,1512
8999,Testzoid,Test Groove,33000,1,0,0.2,3500,1512
8999,Testzoid,Test Diamond,35000,1,0,0.2,3500,1512
8999,Testzoid,Test Pure,18000,1,0,0.2,3500,1512
8998,Testzoid,Test Lit,16000,1,0,0.2,3500,13339
8997,Testzoid,Test Factory,16500,1,0,0.2,3500,12891
8997,Testzoid,Test Panda,16500,1,0,0.2,3500,12891
8996,Covert,Test Boosts,49900,1,0,0.2,3500,893
8995,Testzoid,Test Femme,33000,1,0,0.2,3500,6861
8995,Testzoid,Test Groove,33000,1,0,0.2,3500,6861
8994,Beach,Test Garb,65000,1,0,0.15,3500,2998
8993,Covert,Test Canyon,169900,1,0,0.07,3500,8963
8992,Beach,Test Shift,41000,1,0,0.12,3500,845
8991,Romance,Test Rover,47900,1,0,0.15,3500,7291
8990,Romance,Test Rover,47900,1,0,0.15,3500,7291
8989,Angora,Test Errorless,45500,1,0,0.13,3500,1481
8988,Romance,Test Rover,47900,1,0,0.15,3500,1481
8987,Testzoid,Test Tempean,16000,1,0,0.2,3500,6861
8987,Testzoid,Test Classic,25000,1,0,0.2,3500,6861
8986,Angora,Test Fantasy,35900,1,0,0.13,3500,2720
8985,Nip,Test Dime,15400,1,0,0.2,3500,12481
8985,Testzoid,Test Lit,16000,1,0,0.2,3500,12481
8984,Romance,Test H,59900,1,0,0.15,3500,12481
8984,Testzoid,Test Legacy,31000,1,0,0.2,3500,12481
8983,Angora,Test Errorless,45500,1,0,0.13,3500,1481
8982,Siren,Test Honey,30000,1,0,0.15,3500,13144
8981,Romance,Test Coverage,43900,1,0,0.15,3500,6151
8980,Covert,Test Scrub,199900,1,0,0.09,3500,9945
8980,Beach,Test Flex,80000,1,0,0.15,3500,9945
8980,Covert,Test Virtue,379900,1,0,0.09,3500,9945
8980,Angora,Test Fetching,55900,1,0,0.15,3500,9945
8980,Covert,Test Balaclava,199900,1,0,0.06,3500,9945
8980,Angora,Test Legion,28700,1,0,0.15,3500,9945
8980,Idolize,Test Snug,110000,1,0,0.29,3500,9945
8980,Beach,Test Nip,155000,1,0,0.15,3500,9945
8979,Romance,Test Sombre,33900,1,0,0.15,3500,2541
8978,Romance,Test Sombre,33900,1,0,0.15,3500,2541
8977,Esthetic,Test Hercules,65000,2,0,0.1,3500,8963
8976,Beach,Test Ice,49000,1,0,0.15,3500,1230
8975,Covert,Test Cove,49900,1,0,0.2,3500,1
8974,Romance,Test Refinement,84900,1,0,0.15,3500,12447
8973,Romance,Test Coverage,43900,1,0,0.15,3500,6151
8972,Romance,Test Exalted,44900,1,0,0.15,3500,12346
8971,Beach,Test Flex,80000,1,0,0.15,3500,6151
8970,Romance,Test Sombre,33900,1,0,0.15,3500,8963
8969,Romance,Test Rover,47900,2,0,0.15,3500,8963
8968,Beach,Test Forever,130000,1,19500,0.15,3500,893
8967,Testzoid,Test Femme,33000,1,0,0.2,3500,1481
8966,Testzoid,Test Freya,18000,2,0,0.2,3500,6861
8965,Angora,Test Fetching,55900,1,0,0.15,3500,5282
8964,Testzoid,Test Groove,33000,1,0,0.2,3500,6861
8964,Testzoid,Test Femme,33000,1,0,0.2,3500,6861
8963,Romance,Test Captivate,34900,1,0,0.15,3500,2779
8962,Ravish,Test Savage,35500,1,0,0.15,3500,2720
8961,Testzoid,Test Femme,33000,1,0,0.2,3500,1481
8960,Romance,Test Lift,87500,1,0,0.15,3500,2998
8959,Testzoid,Test Wanderlust,18000,1,0,0.2,3500,895
8958,Romance,Test Rover,47900,1,0,0.15,3500,4714
8957,Enviable,Test Galaxy,24500.66,1,0,0.25,3500,12899
8956,Enviable,Test Flossy,22300.34,1,0,0.25,3500,12899
8955,Esthetic,Test Cave,75000,1,0,0.1,3500,1230
8954,Testzoid,Test Haute,16500,1,0,0.2,3500,6861
8954,Angora,Test Armour,28700,1,0,0.15,3500,6861
8953,Testzoid,Test Haute,16500,1,0,0.2,3500,12809
8953,Angora,Test Agile,82900,1,0,0.17,3500,12809
8953,Ravish,Test City,29900,1,0,0.15,3500,12809
8952,Beach,Test Luxuriate,80000,1,0,0.15,3500,10753
8951,Angora,Test Marvel,82900,1,0,0.17,3500,4714
8950,Daytona,Test Miraculous,65000,1,0,0.2,3500,6845
8949,Testzoid,Test Lax,32000,2,0,0.2,3500,10273
8948,Angora,Test Errorless,45500,1,0,0.13,3500,1481
8947,Testzoid,Test Jump,30000,1,0,0.2,3500,1481
8946,Angora,Test Errorless,45500,1,0,0.13,3500,8963
8945,Esthetic,Test Unique,55000,1,0,0.1,3500,2779
8944,Romance,Test Lift,87500,1,0,0.15,3500,6151
8943,Romance,Test Rover,47900,1,0,0.15,3500,1481
8942,Posh,Test Tough,30000,1,0,0.3,3500,1009
8941,Romance,Test Rover,47900,1,0,0.15,3500,6151
8940,Esthetic,Test Unique,55000,1,0,0.1,3500,2779
8939,Romance,Test Sombre,33900,1,0,0.15,3500,11152
8938,Testzoid,Test Legacy,31000,1,0,0.2,3500,6346
8937,Ravish,Test City,29900,2,0,0.15,3500,10452
8937,Ravish,Test Savage,35500,1,0,0.15,3500,10452
8936,Beach,Test Streamlined,79000,1,0,0.15,3500,2568
8935,Romance,Test Sombre,33900,1,0,0.15,3500,2541
8933,Beach,Test Diverse,85000,1,0,0.15,3500,893
8932,Beach,Test Collusion,215000,1,0,0.15,3500,2779
8931,Romance,Test Barter,69900,1,0,0.15,3500,3367
8930,Angora,Test Challenge,126250,1,0,0.1,3500,893
8929,Esthetic,Test Cave,75000,2,0,0.1,3500,1230
8928,Angora,Test Fetching,55900,1,0,0.15,3500,1
8927,Covert,Test Owl,189900,1,0,0.05,3500,6861
8926,Idolize,Test Jump,50000,1,0,0.28,3500,8963
8925,Romance,Test Sombre,33900,1,0,0.15,3500,6553
8924,Covert,Test Peachy,179900,1,0,0.2,3500,8963
8923,Romance,Test Lane,74900,1,0,0.15,3500,2779
8922,Romance,Test Rover,47900,1,0,0.15,3500,6151
8921,Romance,Test Refinement,84900,1,0,0.15,3500,2998
8920,Romance,Test Rover,47900,1,0,0.15,3500,6151
8919,Romance,Test Rover,47900,1,0,0.15,3500,6151
8918,Ravish,Test Savage,35500,1,0,0.15,3500,6845
8914,Romance,Test Rover,47900,1,0,0.15,3500,6151
8913,Testzoid,Test Groove,33000,1,0,0.2,3500,1512
8912,Romance,Test Rover,47900,1,0,0.15,3500,6151
8911,Romance,Test Addicts,119900,1,0,0.15,3500,2779
8910,Beach,Test Flex,80000,1,0,0.15,3500,6151
8909,Siren,Test Strange,30000,1,0,0.15,3500,2455
8909,Testzoid,Test Factory,16500,1,0,0.2,3500,2455
8908,Romance,Test Action,33900,1,0,0.15,3500,345
8907,Romance,Test Daring,74900,1,0,0.15,3500,2568
8906,Beach,Test Shift,41000,1,0,0.12,3500,12166
8905,Ravish,Test Savage,35500,1,0,0.15,3500,1845
8904,Commune,Test Tempting,52900,1,2645,0.13,3500,478
8903,Saint,Test Drill,39934,1,0,0.2,3500,478
8902,Testzoid,Test Groove,33000,1,0,0.2,3500,1512
8901,Romance,Test Refinement,84900,1,0,0.15,3500,12447
8900,Idolize,Test Jump,50000,1,0,0.28,3500,8963
8899,Esthetic,Test Supreme,65000,1,0,0.1,3500,8963
8898,Esthetic,Test Overload,65000,1,0,0.1,3500,6861
8897,Testzoid,Test August,32000,1,0,0.2,3500,12327
8897,Testzoid,Test Tempean,16000,1,0,0.2,3500,12327
8896,Romance,Test Daring,74900,1,0,0.15,3500,6151
8895,Romance,Test Action,33900,1,0,0.15,3500,8963
8894,Esthetic,Test Cave,75000,1,0,0.1,3500,4112
8893,Siren,Test Hound,45000,1,0,0.24,3500,12525
8892,Romance,Test Action,33900,1,0,0.15,3500,3756
8891,Angora,Test Errorless,45500,1,0,0.13,3500,8963
8890,Ravish,Test Savage,35500,1,0,0.15,3500,6845
8889,Covert,Test Paladin,159900,1,0,0.07,3500,8963
8888,Covert,Test Gun,89900,1,0,0.2,3500,8963
8887,Romance,Test Rover,47900,1,0,0.15,3500,4714
8886,Esthetic,Test Symmetry,65000,1,0,0.1,3500,4112
8885,Kit,Test Elfin,36140,1,0,0.2,3500,4112
8885,Kit,Test Elfin,36140,1,36140,0.2,3500,4112
8884,Testzoid,Test Femme,33000,1,0,0.2,3500,2541
8883,Esthetic,Test Splash,75000,1,0,0.1,3500,4112
8882,Nip,Test Dime,15400,1,0,0.2,3500,7908
8882,Testzoid,Test Pure,18000,1,0,0.2,3500,7908
8881,Romance,Test Refinement,84900,1,0,0.15,3500,7291
8880,Romance,Test Refinement,84900,1,0,0.15,3500,6151
8879,Ageless Beauty,Test Salt,49900,1,0,0.2,3500,11
8879,Ageless Beauty,Test Crunch,39900,1,0,0.2,3500,11
8878,Angora,Test Fantasy,35900,1,0,0.13,3500,8963
8877,Covert,Test Paladin,159900,1,0,0.07,3500,6346
8876,Romance,Test Barter,69900,1,0,0.15,3500,893
8875,Romance,Test Rover,47900,1,0,0.15,3500,8963
8874,Commune,Test Tempting,52900,1,2645,0.13,3500,478
8873,Beach,Test Shift,41000,1,0,0.12,3500,12166
8872,Covert,Test Tinged,189900,1,0,0.06,3500,1481
8871,Testzoid,Test Jump,30000,1,0,0.2,3500,2780
8870,Romance,Test Barter,69900,1,0,0.15,3500,8963
8869,Idolize,Test Jump,50000,1,0,0.28,3500,8963
8868,Esthetic,Test Unique,55000,1,0,0.1,3500,1006
8867,Angora,Test Fantasy,35900,1,0,0.13,3500,1845
8866,Testzoid,Test Panda,16500,2,0,0.2,3500,6861
8865,Siren,Test Icon,50000,1,0,0.15,3500,31
8863,Angora,Test Venust,34000,1,0,0.11,3500,2918
8862,Romance,Test Rover,47900,1,0,0.15,3500,1481
8861,Romance,Test Refinement,84900,1,0,0.15,3500,7291
8860,Romance,Test Style,53900,1,0,0.15,3500,4931
8859,Testzoid,Test Jump,30000,1,0,0.2,3500,478
8858,Siren,Test Idol,50000,1,0,0.15,3500,31
8857,Romance,Test Lift,87500,1,0,0.15,3500,2998
8856,Testzoid,Test Antheia,48000,1,0,0.2,3500,7484
8855,Beach,Test Streamlined,55000,1,0,0.15,3500,5531
8854,Beach,Test Streamlined,55000,1,0,0.15,3500,12092
8853,Romance,Test Rover,47900,1,0,0.15,3500,8963
8851,Testzoid,Test Jump,30000,1,0,0.2,3500,2541
8850,Romance,Test Rover,47900,1,0,0.15,3500,1481
8849,Testzoid,Test Groove,33000,1,0,0.2,3500,4931
8848,Romance,Test Barter,69900,1,0,0.15,3500,2701
8847,Testzoid,Test Pure,18000,1,0,0.2,3500,2701
8847,Testzoid,Test Lit,16000,1,0,0.2,3500,2701
8846,Beach,Test Moisturise,219000,1,0,0.15,3500,7291
8845,Romance,Test Sombre,33900,1,0,0.15,3500,5570
8844,Commune,Test Tempting,52900,1,2645,0.13,3500,478
8843,Ravish,Test Savage,35500,1,0,0.15,3500,4931
8842,Romance,Test Exalted,44900,1,0,0.15,3500,2701
8841,Beach,Test Moisturise,219000,1,0,0.15,3500,7291
8840,Nip,Test Elements,15400,1,0,0.2,3500,3795
8840,Testzoid,Test Lit,16000,1,0,0.2,3500,3795
8840,Beach,Test Baller,50000,1,0,0.15,3500,3795
8839,Commune,Test Tempting,52900,1,2645,0.13,3500,1
8838,Beach,Test Shred,85000,1,0,0.15,3500,6151
8837,Beach,Test Flex,80000,1,0,0.15,3500,6151
8836,Romance,Test Complete,34900,1,0,0.15,3500,6845
8835,Romance,Test Picturesque,53900,1,0,0.15,3500,8963
8834,Testzoid,Test Femme,33000,1,0,0.2,3500,1481
8833,Covert,Test Paladin,159900,1,0,0.07,3500,8963
8832,Covert,Test Paladin,159900,1,0,0.07,3500,8963
8831,Romance,Test Refinement,84900,1,0,0.15,3500,2998
8830,Esthetic,Test Cave,75000,1,0,0.1,3500,1230
8829,Romance,Test Refinement,84900,1,0,0.15,3500,7291
8828,Romance,Test Refinement,84900,1,0,0.15,3500,7291
8827,Romance,Test Refinement,84900,1,0,0.15,3500,7291
8826,Romance,Test Refinement,84900,1,0,0.15,3500,7291
8825,Romance,Test Captivate,34900,1,0,0.15,3500,12092
8824,Romance,Test Coveted,79900,1,0,0.15,3500,2541
8823,Romance,Test Clique,69900,1,0,0.15,3500,8963
8822,Testzoid,Test Freya,18000,1,0,0.2,3500,1
8822,Testzoid,Test Lit,16000,1,0,0.2,3500,1
8821,Beach,Test Goliath,45000,1,0,0.15,3500,12166
8820,Angora,Test Fathom,28700,1,0,0.15,3500,7038
8820,Mode,Test Embrace,17000,1,0,0.11,3500,7038
8819,Testzoid,Test Groove,33000,1,0,0.2,3500,4931
8818,Romance,Test Daring,74900,1,0,0.15,3500,12327
8817,Romance,Test Sombre,33900,1,0,0.15,3500,2541
8816,Ravish,Test Savage,35500,1,0,0.15,3500,6845
8815,Testzoid,Test Panda,16500,1,0,0.2,3500,12327
8815,Testzoid,Test Pure,18000,3,0,0.2,3500,12327
8814,Covert,Test Paladin,159900,1,0,0.07,3500,3655
8813,Ravish,Test Savage,35500,1,0,0.15,3500,2720
8812,Romance,Test Refinement,84900,1,0,0.15,3500,7291
8811,Romance,Test Rover,47900,1,0,0.15,3500,1481
8810,Esthetic,Test Sugar,55000,1,0,0.1,3500,2780
8809,Beach,Test Awaken,100000,1,0,0.15,3500,893
8808,Romance,Test Rover,47900,2,0,0.15,3500,1006
8807,Beach,Test Garb,65000,1,0,0.15,3500,1
8806,Angora,Test Errorless,45500,1,0,0.13,3500,1481
8805,Romance,Test Rover,47900,1,0,0.15,3500,1481
8804,Romance,Test Rover,47900,1,0,0.15,3500,1481
8803,Romance,Test Rover,47900,1,0,0.15,3500,1481
8802,Romance,Test Addicts,119900,1,0,0.15,3500,4714
8801,Romance,Test Bar,39900,1,0,0.15,3500,2779
8800,Romance,Test Rover,47900,1,0,0.15,3500,1481
8799,Testzoid,Test Femme,33000,1,0,0.2,3500,1481
8798,Esthetic,Test Workout,75000,1,0,0.1,3500,2788
8797,Romance,Test Rover,47900,1,0,0.15,3500,4714
8796,Romance,Test Rover,47900,1,0,0.15,3500,1481
8795,Romance,Test Rover,47900,1,0,0.15,3500,2568
8794,Romance,Test Lift,87500,1,0,0.15,3500,1
8793,Testzoid,Test Jump,30000,1,0,0.2,3500,1481
8792,Testzoid,Test Femme,33000,1,0,0.2,3500,1481
8791,Esthetic,Test Balanced,55000,1,0,0.1,3500,1
8790,Esthetic,Test Cave,75000,2,0,0.1,3500,1230
8789,Angora,Test Errorless,45500,1,0,0.13,3500,1
8788,Romance,Test Refinement,84900,1,0,0.15,3500,7291
8787,Romance,Test Rover,47900,1,0,0.15,3500,8963
8786,Esthetic,Test Cave,75000,1,0,0.1,3500,1230
8785,Romance,Test Sombre,33900,1,0,0.15,3500,2541
8784,Romance,Test Exalted,44900,1,0,0.15,3500,10210
8783,Testzoid,Test Jump,30000,1,0,0.2,3500,12327
8783,Kit,Test Elfin,36140,1,0,0.2,3500,12327
8782,Testzoid,Test Haute,16500,1,0,0.2,3500,3555
8782,Angora,Test Stake,28700,1,0,0.15,3500,3555
8781,Beach,Test Become,55000,1,0,0.15,3500,2720
8780,Romance,Test Action,33900,1,0,0.15,3500,6861
8779,Ravish,Test City,29900,1,0,0.15,3500,6861
8779,Ravish,Test Savage,35500,1,0,0.15,3500,6861
8778,Romance,Test Captivate,34900,1,0,0.15,3500,4714
8777,Angora,Test Stake,28700,1,0,0.15,3500,2788
8777,Angora,Test Flair,28700,1,0,0.15,3500,2788
8776,Testzoid,Test Lit,16000,1,0,0.2,3500,6142
8775,Beach,Test Streamlined,79000,1,0,0.15,3500,1
8773,Angora,Test Legion,28700,1,0,0.15,3500,5443
8773,Testzoid,Test Tempean,16000,1,0,0.2,3500,5443
8772,Esthetic,Test Hercules,65000,1,0,0.1,3500,8963
8771,Angora,Test Legion,28700,1,0,0.15,3500,8070
8771,Testzoid,Test Lit,16000,1,0,0.2,3500,8070
8770,Beach,Test Shift,41000,1,0,0.12,3500,12166
8769,Testzoid,Test Femme,33000,1,0,0.2,3500,1481
8768,Romance,Test Refinement,84900,1,0,0.15,3500,4714
8767,Romance,Test Sombre,33900,1,0,0.15,3500,2541
8766,Romance,Test Sombre,33900,1,0,0.15,3500,8963
8765,Romance,Test Lift,87500,1,0,0.15,3500,7291
8764,Romance,Test Sombre,33900,1,0,0.15,3500,2541
8763,Testzoid,Test Femme,33000,1,0,0.2,3500,1481
8762,Romance,Test Corner,89900,1,0,0.15,3500,6658
8761,Beach,Test Become,65000,1,0,0.15,3500,345
8760,Romance,Test Captivate,34900,1,0,0.15,3500,4157
8759,Ravish,Test Savage,35500,1,0,0.15,3500,990
8758,Beach,Test Become,65000,1,0,0.15,3500,345
8757,Ravish,Test Savage,35500,1,0,0.15,3500,990
8756,Beach,Test Flex,80000,1,0,0.15,3500,6151
8755,Beach,Test Shift,41000,1,0,0.12,3500,7291
8754,Testzoid,Test Factory,16500,1,0,0.2,3500,12103
8754,Nip,Test Esthetic,15400,1,0,0.2,3500,12103
8753,Siren,Test Savage,85000,1,0,0.15,3500,3655
8752,Angora,Test Venust,34000,1,0,0.11,3500,990
8751,Testzoid,Test Legacy,31000,1,0,0.2,3500,6346
8750,Siren,Test Dahlia,85000,1,0,0.15,3500,31
8749,Romance,Test Captivate,33900,1,0,0.15,3500,4714
8748,Testzoid,Test Panda,16500,2,0,0.2,3500,6861
8747,Testzoid,Test Factory,16500,1,0,0.2,3500,311
8747,Angora,Test Fantasy,35900,1,0,0.13,3500,311
8746,Romance,Test Hunter,54900,1,0,0.15,3500,12115
8745,Angora,Test Fantasy,35900,1,0,0.13,3500,311
8744,Romance,Test Lift,79900,1,0,0.15,3500,8963
8743,Romance,Test Hunter,54900,1,0,0.15,3500,1512
8742,Beach,Test Shining,65000,1,0,0.15,3500,345
8741,Romance,Test Picturesque,49900,1,0,0.15,3500,10753
8740,Romance,Test Rover,47900,1,0,0.15,3500,8963
8739,Esthetic,Test Splash,75000,1,0,0.1,3500,1230
8738,Romance,Test Coveted,79900,1,0,0.15,3500,2541
8737,Siren,Test Crib,85000,1,8500,0.15,3500,2701
8736,Romance,Test Hunter,39900,1,0,0.15,3500,4714
8735,Beach,Test Become,65000,1,0,0.15,3500,6861
8734,Siren,Test Boulevard,45000,1,4500,0.15,3500,3756
8733,Beach,Test Shift,41000,1,0,0.12,3500,4157
8732,Testzoid,Test Factory,16500,1,0,0.2,3500,6861
8732,Testzoid,Test Lit,16000,1,0,0.2,3500,6861
8731,Romance,Test Hunter,39900,1,0,0.15,3500,8963
8730,Romance,Test Hunter,39900,1,0,0.15,3500,1512
8729,Romance,Test Hunter,39900,1,0,0.15,3500,2779
8728,Esthetic,Test Space,55000,1,0,0.1,3500,8963
8727,Romance,Test Hunter,39900,1,0,0.15,3500,7291
8726,Ravish,Test Savage,35500,1,0,0.15,3500,990
8725,Romance,Test Hunter,39900,1,0,0.15,3500,5570
8724,Romance,Test Hunter,39900,1,0,0.15,3500,1512
8723,Romance,Test Hunter,39900,1,0,0.15,3500,2779
8722,Romance,Test Hunter,39900,1,0,0.15,3500,8963
8721,Romance,Test Hunter,39900,1,0,0.15,3500,8963
8720,Romance,Test Hunter,39900,1,0,0.15,3500,6346
8719,Romance,Test Hunter,39900,1,0,0.15,3500,1512
8718,Romance,Test Hunter,39900,1,0,0.15,3500,2779
8717,Esthetic,Test Swag,65000,1,0,0.1,3500,1230
8716,Siren,Test Lux,65000,1,6500,0.15,3500,31
8715,Romance,Test Hunter,39900,1,0,0.15,3500,1512
8714,Romance,Test Hunter,39900,1,0,0.15,3500,1512
8713,Romance,Test Hunter,39900,1,0,0.15,3500,3367
8712,Romance,Test Hunter,39900,1,0,0.15,3500,8963
8711,Romance,Test Hunter,39900,1,0,0.15,3500,1512
8710,Romance,Test Hunter,39900,1,0,0.15,3500,1512
8709,Romance,Test Captivate,33900,1,0,0.15,3500,8963
8708,Romance,Test Hunter,39900,1,0,0.15,3500,3367
8707,Romance,Test Hunter,39900,1,0,0.15,3500,3367
8706,Beach,Test Dungeon,55000,1,0,0.15,3500,6346
8705,Romance,Test Hunter,39900,1,0,0.15,3500,1512
8704,Romance,Test Hunter,39900,1,0,0.15,3500,4714
8703,Romance,Test Hunter,39900,1,0,0.15,3500,1512
8702,Romance,Test Hunter,39900,1,0,0.15,3500,1512
8701,Siren,Test Lux,65000,1,6500,0.15,3500,893
8700,Kit,Test Elfin,36140,1,36140,0.2,3500,2541
8700,Kit,Test Elfin,36140,1,0,0.2,3500,2541
8699,Romance,Test Sombre,29900,1,0,0.15,3500,8963
8698,Beach,Test Baller,50000,1,0,0.15,3500,3011
8698,Beach,Test Goliath,45000,1,0,0.15,3500,3011
8698,Siren,Test Tomb,32000,1,3200,0.15,3500,3011
8697,Romance,Test Hunter,39900,1,0,0.15,3500,4714
8696,Romance,Test Hunter,39900,1,0,0.15,3500,4157
8695,Romance,Test Hunter,39900,1,0,0.15,3500,8963
8694,Testzoid,Test Panda,16500,1,0,0.2,3500,7536
8694,Ravish,Test Enthralling,29900,1,0,0.15,3500,7536
8693,Testzoid,Test Lit,16000,1,0,0.2,3500,12370
8692,Kit,Test Elfin,36140,1,0,0.2,3500,4112
8692,Kit,Test Elfin,36140,1,36140,0.2,3500,4112
8691,Kit,Test Elfin,36140,1,36140,0.2,3500,12103
8691,Kit,Test Elfin,36140,1,0,0.2,3500,12103
8690,Romance,Test Hunter,39900,1,0,0.15,3500,7291
8689,Siren,Test Appeal,65000,1,6500,0.15,3500,893
8688,Kit,Test Elfin,36140,1,36140,0.2,3500,2541
8688,Kit,Test Elfin,36140,1,0,0.2,3500,2541
8687,Kit,Test Elfin,36140,1,36140,0.2,3500,4112
8687,Kit,Test Elfin,36140,1,0,0.2,3500,4112
8686,Kit,Test Elfin,36140,1,36140,0.2,3500,4112
8686,Kit,Test Elfin,36140,1,0,0.2,3500,4112
8685,Testzoid,Test Panda,16500,1,0,0.2,3500,4112
8685,Testzoid,Test Vagabond,25000,1,0,0.2,3500,4112
8684,Romance,Test Hunter,39900,1,0,0.15,3500,4157
8683,Siren,Test Electrify,85000,1,8500,0.15,3500,31
8682,Angora,Test Errorless,45500,1,0,0.13,3500,1481
8681,Ravish,Test City,29900,1,0,0.15,3500,5570
8681,Ravish,Test Sweat,42000,1,0,0.15,3500,5570
8680,Beach,Test Anon,138000,1,0,0.15,3500,1481
8679,Angora,Test Errorless,45500,1,0,0.13,3500,4714
8678,Ravish,Test Savage,35500,1,0,0.15,3500,2568
8677,Angora,Test Venust,34000,1,0,0.11,3500,5449
8677,Daytona,Test Elegance,22000,1,0,0.2,3500,5449
8677,Angora,Test Errorless,45500,1,0,0.13,3500,5449
8677,Testzoid,Test Haute,16500,1,0,0.2,3500,5449
8676,Ravish,Test Savage,35500,1,0,0.15,3500,2541
8675,Ravish,Test Savage,35500,1,0,0.15,3500,2541
8674,Ravish,Test Savage,35500,1,0,0.15,3500,1006
8673,Testzoid,Test Femme,33000,1,0,0.2,3500,1481
8672,Angora,Test Fetching,55900,1,0,0.15,3500,11054
8672,Enviable,Test Lust,18000,1,0,0.25,3500,11054
8672,Angora,Test Errorless,45500,1,0,0.13,3500,11054
8671,Testzoid,Test Femme,33000,2,0,0.2,3500,1481
8670,Kit,Test Elfin,36140,1,0,0.2,3500,6845
8669,Testzoid,Test Tempean,16000,1,0,0.2,3500,12327
8669,Testzoid,Test August,32000,1,0,0.2,3500,12327
8668,Testzoid,Test Fulgent,21000,1,0,0.2,3500,2541
8668,Testzoid,Test Groove,33000,1,0,0.2,3500,2541
8668,Testzoid,Test Antheia,48000,1,0,0.2,3500,2541
8668,Testzoid,Test Jump,30000,1,0,0.2,3500,2541
8668,Testzoid,Test Pure,18000,1,0,0.2,3500,2541
8667,Testzoid,Test Antheia,48000,1,0,0.2,3500,1
8666,Testzoid,Test Tempean,16000,1,0,0.2,3500,1
8665,Beach,Test 100,80000,1,0,0.15,3500,6151
8664,Angora,Test Errorless,45500,1,0,0.13,3500,1481
8664,Covert,Test Draft,54900,1,0,0.2,3500,1481
8663,Testzoid,Test Jump,30000,1,0,0.2,3500,6845
8662,Swank Beauty,Test Marvel,32000,1,0,0.18,3500,893
8661,Angora,Test Venust,34000,1,0,0.11,3500,3367
8658,Testzoid,Test Factory,16500,1,0,0.2,3500,2541
8657,Covert,Test Beast,389900,1,0,0.03,3500,8963
8656,Covert,Test Beast,389900,1,0,0.03,3500,8963
8655,Angora,Test Armour,28700,1,0,0.15,3500,4517
8654,Covert,Test Paladin,159900,1,0,0.07,3500,8963
8652,Angora,Test Agile,82900,1,0,0.17,3500,9573
8651,Angora,Test Fathom,28700,1,0,0.15,3500,2780
8650,Covert,Test Safe,167900,1,0,0.2,3500,8963
8649,Swank Beauty,Test Elfin,32000,1,0,0.18,3500,1006
8648,Beach,Test Eclipse,149000,1,0,0.15,3500,345
8647,Testzoid,Test Femme,33000,1,0,0.2,3500,1481
8646,Testzoid,Test Femme,33000,1,0,0.2,3500,1481
8645,Siren,Test Nude,32000,1,0,0.15,3500,1481
8644,Testzoid,Test Femme,33000,1,0,0.2,3500,1481
8643,Beach,Test Wander,160000,1,0,0.15,3500,1845
8641,Siren,Test Nude,32000,1,0,0.15,3500,311
8640,Siren,Test Grove,32000,1,0,0.15,3500,10273
8639,Beach,Test Wander,160000,1,0,0.15,3500,6151
8638,Beach,Test District,75000,2,0,0.15,3500,8963
8637,Testzoid,Test Antheia,48000,1,0,0.2,3500,478
8631,Testzoid,Test Haute,16500,1,0,0.2,3500,12317
8628,Siren,Test Tomb,32000,1,0,0.15,3500,311
8627,Testzoid,Test Diamond,35000,2,0,0.2,3500,10273
8625,Swank Beauty,Test Spike,28000,1,2800,0.17,3500,12349
8625,Testzoid,Test Haute,16500,1,0,0.2,3500,12349
8624,Daytona,Test Hyper,56000,1,0,0.2,3500,12115
8621,Testzoid,Test Femme,33000,1,0,0.2,3500,1481
8619,Beach,Test Aphrodite,65000,1,0,0.15,3500,6346
8618,Angora,Test Venust,34000,1,0,0.11,3500,893
8617,Angora,Test Errorless,45500,1,0,0.13,3500,4714
8612,Beach,Test Being,80000,1,0,0.15,3500,893
8611,Testzoid,Test Factory,16500,1,0,0.2,3500,311
8610,Beach,Test Awaken,100000,1,0,0.15,3500,893
8609,Angora,Test Flair,28700,1,0,0.15,3500,7484
8609,Angora,Test Stake,28700,1,0,0.15,3500,7484
8608,Siren,Test Grove,32000,1,0,0.15,3500,2720
8606,Angora,Test Fetching,55900,1,0,0.15,3500,2720
8605,Angora,Test Venust,34000,1,0,0.11,3500,6861
8603,Angora,Test Errorless,45500,1,0,0.13,3500,4714
8602,Angora,Test Errorless,45500,1,0,0.13,3500,1230
8601,Beach,Test Forever,130000,1,0,0.15,3500,893
8600,Testzoid,Test Legacy,31000,1,0,0.2,3500,1481
8600,Testzoid,Test Fulgent,21000,1,0,0.2,3500,1481
8599,Covert,Test Loose,59900,1,0,0.2,3500,8963
8598,Beach,Test Forever,130000,1,0,0.15,3500,893
8597,Siren,Test Type,32000,1,0,0.15,3500,4931
8596,Angora,Test Soft,143750,1,0,0.12,3500,11593
8595,Angora,Test Errorless,45500,1,0,0.13,3500,4714
8593,Kit,Test Faille,35445,1,0,0.22,3500,4714
8590,Beach,Test Shift,48000,3,0,0.15,3500,6861
8589,Angora,Test Venust,34000,1,0,0.11,3500,6861
8588,Covert,Test Loose,59900,1,0,0.2,3500,8963
8587,Idolize,Test Jump,50000,1,0,0.28,3500,8963
8586,Testzoid,Test Jump,30000,1,0,0.2,3500,1481
8585,Beach,Test Increase,80000,1,0,0.15,3500,893
8584,Angora,Test Errorless,45500,1,0,0.13,3500,1006
8583,Testzoid,Test Fulgent,21000,1,0,0.2,3500,1481
8583,Testzoid,Test Legacy,31000,1,0,0.2,3500,1481
8582,Beach,Test Flex,80000,1,0,0.15,3500,2779
8581,Angora,Test Contact,119000,1,0,0.13,3500,8813
8580,Daytona,Test Thin,32000,1,0,0.2,3500,10753
8579,Covert,Test Splendour,139900,1,0,0.08,3500,6346
8578,Testzoid,Test Femme,33000,1,0,0.2,3500,1481
8576,Kit,Test Faille,35445,1,0,0.22,3500,4406
8573,Testzoid,Test Femme,33000,1,0,0.2,3500,1481
8570,Idolize,Test Jump,50000,1,0,0.28,3500,8963
8567,Testzoid,Test Legacy,31000,1,0,0.2,3500,4931
8567,Testzoid,Test Jump,30000,1,0,0.2,3500,4931
8567,Testzoid,Test Vagabond,25000,1,0,0.2,3500,4931
8566,Beach,Test Flex,80000,1,0,0.15,3500,2998
8564,Angora,Test Venust,34000,1,0,0.11,3500,2998
8563,Daytona,Test Joint,56000,1,0,0.2,3500,1009
8561,Angora,Test Venust,34000,1,0,0.11,3500,2918
8560,Testzoid,Test Femme,33000,1,0,0.2,3500,2780
8560,Testzoid,Test Classic,25000,1,0,0.2,3500,2780
8559,Saint,Test Shining,39900,1,0,0.2,3500,7484
8557,Angora,Test Errorless,45500,1,0,0.13,3500,4714
8556,Siren,Test Threads,70000,1,0,0.15,3500,8963
8555,Angora,Test Errorless,45500,1,0,0.13,3500,4714
8553,Covert,Test Beast,389900,1,0,0.03,3500,8963
8551,Testzoid,Test Wanderlust,18000,1,0,0.2,3500,11568
8551,Beach,Test Goliath,45000,1,0,0.15,3500,11568
8549,Covert,Test Owl,189900,1,0,0.05,3500,3655
8548,Testzoid,Test Femme,33000,1,5689.66,0.2,3500,2780
8548,Testzoid,Test Classic,25000,1,4310.34,0.2,3500,2780
8547,Angora,Test Catalog,100000,1,0,0.12,3500,1512
8545,Testzoid,Test Lit,16000,1,0,0.2,3500,6142
8545,Enviable,Test Flossy,22300.34,1,0,0.25,3500,6142
8542,Enviable,Test Pulse,18000,2,0,0.25,3500,1
8540,Testzoid,Test Groove,33000,1,0,0.2,3500,1481
8539,Beach,Test Baller,50000,1,0,0.15,3500,1006
8538,Angora,Test Lure,28700,1,0,0.15,3500,12349
8536,Beach,Test Baller,50000,1,0,0.15,3500,1
8535,Testzoid,Test Factory,16500,1,0,0.2,3500,1
8533,Beach,Test Type,110000,1,0,0.15,3500,893
8531,Covert,Test Daytona,71900,1,0,0.3,3500,10753
8529,Enviable,Test Flossy,22300.34,1,0,0.25,3500,1
8528,Testzoid,Test Wanderlust,18000,2,0,0.2,3500,6861
8524,Testzoid,Test Pure,18000,1,0,0.2,3500,2541
8524,Testzoid,Test Groove,33000,1,0,0.2,3500,2541
8524,Testzoid,Test Jump,30000,1,0,0.2,3500,2541
8524,Testzoid,Test Fulgent,21000,1,0,0.2,3500,2541
8519,Beach,Test Flex,80000,1,0,0.15,3500,6151
8515,Angora,Test Ardent,28700,1,0,0.15,3500,3430
8515,Beach,Test Flex,80000,1,0,0.15,3500,3430
8513,Beach,Test Increase,80000,1,0,0.15,3500,4157
8511,Testzoid,Test Femme,33000,1,0,0.2,3500,1481
8509,Beach,Test Flex,80000,1,0,0.15,3500,8963
8504,Enviable,Test Lust,18000,1,0,0.25,3500,4931
8499,Beach,Test Flex,80000,1,15999.99,0.15,3500,3430
8499,Testzoid,Test Haute,16500,1,3300,0.2,3500,3430
8499,Angora,Test Skill,28700,1,5740.01,0.15,3500,3430
8498,Testzoid,Test Factory,16500,1,0,0.2,3500,12103
8496,Covert,Test Core,155900,1,0,0.2,3500,8070
8493,Beach,Test Baller,50000,1,0,0.15,3500,1006
8492,Testzoid,Test Haute,16500,1,0,0.2,3500,12297
8491,Beach,Test Baller,50000,1,0,0.15,3500,1006
8490,Testzoid,Test Lit,16000,1,0,0.2,3500,4931
8490,Testzoid,Test Wanderlust,18000,1,0,0.2,3500,4931
8489,Idolize,Test Jump,50000,1,0,0.28,3500,8963
8486,Idolize,Test Jump,50000,1,0,0.28,3500,8963
8484,Covert,Test Cub,109900,1,0,0.2,3500,6346
8484,Covert,Test Gun,89900,1,0,0.2,3500,6346
8481,Beach,Test Flex,80000,2,0,0.15,3500,6151
8480,Lion,Test Crossroads,50000,1,0,0.15,3500,6346
8477,Testzoid,Test Factory,16500,1,0,0.2,3500,12092
8473,Beach,Test Flex,80000,1,0,0.15,3500,2779
8472,Testzoid,Test Jump,30000,1,0,0.2,3500,1481
8471,Athens,Test Glamour,55000,1,11000,0.15,3500,10753
8465,Covert,Test Cover,149900,1,0,0.08,3500,2998
8462,Elenas,Test Refinement,100000,1,0,0.18,3500,5952
8455,Testzoid,Test Fulgent,21000,1,0,0.2,3500,1481
8455,Testzoid,Test Remedy,91000,1,0,0.2,3500,1481
8454,Testzoid,Test Antheia,48000,1,0,0.2,3500,2788
8453,Testzoid,Test Fulgent,21000,1,0,0.2,3500,11506
8452,Testzoid,Test Factory,16500,1,0,0.2,3500,4214
8449,Beach,Test Flex,80000,1,0,0.15,3500,1481
8448,Angora,Test Venust,34000,1,0,0.11,3500,6346
8447,Covert,Test Blank,59900,1,0,0.3,3500,6346
8446,Beach,Test Flex,80000,1,0,0.15,3500,6346
8444,Beach,Test Flex,80000,1,0,0.15,3500,3655
8438,Testzoid,Test Groove,33000,1,0,0.2,3500,1481
8436,Saint,Test Silhouette,37900,1,0,0.2,3500,1845
8434,Testzoid,Test Lit,16000,2,0,0.2,3500,6142
8430,Beach,Test Flex,80000,1,0,0.15,3500,2918
8428,Beach,Test Flex,80000,1,0,0.15,3500,6346
8423,Testzoid,Test Factory,16500,1,0,0.2,3500,12103
8420,Beach,Test Flex,80000,1,0,0.15,3500,8963
8418,Testzoid,Test Fulgent,21000,1,0,0.2,3500,1481
8418,Testzoid,Test Pure,18000,1,0,0.2,3500,1481
8416,Testzoid,Test Jump,30000,1,0,0.2,3500,1481
8412,Angora,Test Armour,28700,2,0,0.15,3500,2780
8411,Angora,Test Skin,29900,1,0,0.14,3500,2788
8409,Testzoid,Test Jump,30000,1,0,0.2,3500,1481
8405,Angora,Test Avenue,79900,1,0,0.12,3500,6861
8401,Enviable,Test Pulse,18000,1,0,0.25,3500,10217
8398,Covert,Test Loose,59900,1,0,0.2,3500,8963
8397,Testzoid,Test Legacy,31000,1,0,0.2,3500,1481
8396,Testzoid,Test Legacy,31000,1,0,0.2,3500,1481
8384,Covert,Test Storm,65900,1,0,0.2,3500,6346
8382,Idolize,Test Jump,50000,1,0,0.28,3500,893
8372,Angora,Test Eternal,55900,1,0,0.15,3500,5570
8367,Covert,Test Loose,59900,1,0,0.2,3500,8963
8366,Covert,Test Storm,65900,1,0,0.2,3500,6346
8363,Enviable,Test Pulse,18000,1,0,0.25,3500,1845
8363,Nip,Test Dime,15400,1,0,0.2,3500,1845
8359,Angora,Test Cove,28700,1,0,0.15,3500,2780
8358,Angora,Test Venust,34000,1,0,0.11,3500,4714
8353,Covert,Test Bison,88900,1,0,0.3,3500,7291
8351,Covert,Test Genuine,130000,1,0,0.09,3500,8963
8350,Covert,Test Fame,139900,1,0,0.2,3500,8963
8347,Idolize,Test Jump,50000,1,0,0.28,3500,8963
8346,Covert,Test Daytona,71900,2,0,0.3,3500,10452
8334,Angora,Test Ardent,28700,1,0,0.15,3500,6346
8334,Angora,Test Expert,28700,1,0,0.15,3500,6346
8333,Enviable,Test Pulse,18000,1,0,0.25,3500,2788
8331,Angora,Test Venust,34000,1,0,0.11,3500,6861
8329,Idolize,Test Jump,50000,1,0,0.28,3500,8963
8327,Idolize,Test Jump,50000,1,0,0.28,3500,1
8320,Kit,Test Swap,35445,1,0,0.22,3500,4157
8313,Covert,Test Virtue,379900,1,0,0.09,3500,5570
8310,Covert,Test Loose,59900,1,0,0.2,3500,8963
8305,Covert,Test Virtue,119900,1,0,0.3,3500,6861
8304,Saint,Test Reign,39900,1,0,0.2,3500,1006
8303,Idolize,Test Snug,110000,1,0,0.29,3500,5199
8300,Covert,Test Gun,89900,1,0,0.2,3500,8963
8299,Angora,Test Fetching,55900,1,0,0.15,3500,3655
8292,Angora,Test Venust,34000,1,0,0.14,3500,6346
8281,Enviable,Test Pulse,18000,1,0,0.25,3500,7038
8281,Enviable,Test Isolate,25900.34,1,0,0.25,3500,7038
8281,Enviable,Test Lust,18000,1,0,0.25,3500,7038
8280,Idolize,Test Jump,50000,1,0,0.28,3500,1230
8279,Angora,Test Skin,29900,1,0,0.14,3500,2788
8271,Angora,Test Blitz,28700,1,0,0.15,3500,2780
8269,Angora,Test Venust,34000,1,0,0.14,3500,1230
8261,Angora,Test Venust,34000,1,0,0.14,3500,1230
8260,Covert,Test Balaclava,149900,1,0,0.3,3500,1230
8249,Angora,Test Skill,28700,1,5000,0.15,3500,6861
8249,Angora,Test Vanity,28700,1,5000,0.15,3500,6861
8246,Idolize,Test Pavement,70000,1,0,0.27,3500,31
8238,Angora,Test Fetching,55900,1,0,0.15,3500,6861
8227,Angora,Test Cove,28700,1,0,0.15,3500,6346
8224,Angora,Test Ardent,28700,1,0,0.15,3500,6346
8223,Kit,Test Swap,35445,1,0,0.22,3500,12283
8198,Idolize,Test Smashing,60000,1,0,0.28,3500,2788
8183,Angora,Test Venust,34000,1,0,0.14,3500,1845
8169,Idolize,Test Jump,50000,1,0,0.28,3500,1481
8169,Kit,Test Elfin,36140,1,0,0.2,3500,1481
8164,Angora,Test Future,42900,1,0,0.14,3500,6903
8157,Covert,Test Contour,159900,1,0,0.11,3500,7291
8156,Idolize,Test Jump,50000,1,0,0.28,3500,8963
8152,Covert,Test Fame,139900,1,0,0.2,3500,8963
8144,Enviable,Test Flossy,22300.34,2,0,0.25,3500,11054
8144,Enviable,Test Lust,18000,1,0,0.25,3500,11054
8144,Angora,Test Ardent,28700,1,0,0.15,3500,11054
8144,Angora,Test Invader,55900,1,0,0.15,3500,11054
8144,Angora,Test Venust,55900,1,0,0.15,3500,11054
8129,Kit,Test Faille,35445,1,0,0.22,3500,4112
8129,Angora,Test Ardent,28700,1,0,0.15,3500,4112
8123,Enviable,Test Flossy,22300.34,1,0,0.25,3500,11048
8122,Angora,Test Legion,28700,1,0,0.15,3500,12253
8112,Test,Test Hitch,80000,1,0,0.18,3500,1
8109,Enviable,Test Lust,18000,1,0,0.25,3500,12219
8048,Angora,Test Vail,55900,1,0,0.15,3500,5570
8034,Angora,Test Invader,55900,1,0,0.15,3500,3655
8024,Angora,Test Allure,92000,1,0,0.14,3500,2836
8024,Enviable,Test Lust,18000,1,0,0.25,3500,2836
8021,Kit,Test Commune,35445,1,0,0.2,3500,6151
8008,Angora,Test Invader,55900,1,0,0.15,3500,3655
7998,Angora,Test Venust,55900,1,0,0.15,3500,4714
7985,Enviable,Test Lust,18000,2,0,0.25,3500,6903
7984,Angora,Test Fathom,28700,1,0,0.15,3500,2780
7984,Angora,Test Venust,55900,1,0,0.15,3500,2780
7969,Covert,Test Flatter,119900,1,0,0.2,3500,99
7958,Angora,Test Fathom,28700,1,0,0.15,3500,2780
7900,Enviable,Test Pulse,18000,1,0,0.25,3500,12092
7898,Idolize,Test Tomb,40000,1,0,0.24,3500,1009
7897,Testzoid,Test Hitch,50000,1,0,0.2,3500,1009
7882,Kit,Test Body,36140,1,0,0.2,3500,12092
7879,Enviable,Test Lust,18000,1,3600,0.25,3500,5534
7868,Covert,Test Draft,54900,1,0,0.2,3500,2568
7844,Angora,Test Ardent,28700,1,0,0.15,3500,12214
7832,Angora,Test Allure,92000,1,0,0.14,3500,5141
7829,Angora,Test Juice,199000,1,0,0.15,3500,1230
7824,Angora,Test Contact,119000,1,0,0.15,3500,8813
7817,Angora,Test Blitz,28700,1,0,0.15,3500,1845
7783,Enviable,Test Pulse,18000,1,0,0.25,3500,6861
7758,Enviable,Test Lust,18000,1,0,0.25,3500,11209
7751,Angora,Test Ardent,28700,1,0,0.15,3500,7038
7744,Angora,Test Invader,55900,1,0,0.15,3500,2998
7710,Angora,Test Venust,55900,1,0,0.15,3500,12012
7709,Angora,Test Legion,28700,1,0,0.15,3500,9573
7698,Angora,Test Stake,28700,1,0,0.15,3500,11054
7698,Angora,Test Expert,28700,1,0,0.15,3500,11054
7698,Enviable,Test Flossy,22300.34,2,0,0.25,3500,11054
7698,Angora,Test Venust,55900,1,0,0.15,3500,11054
7698,Angora,Test Vail,55900,1,0,0.15,3500,11054
7696,Angora,Test Invader,55900,1,0,0.15,3500,4714
7686,Angora,Test Venust,55900,1,0,0.15,3500,2998
7683,Angora,Test Venust,34000,1,0,0.14,3500,2998
7677,Angora,Test Venust,34000,1,0,0.14,3500,2998
7658,Angora,Test Allure,92000,1,18400,0.14,3500,11836
7658,Covert,Test Road,77900,1,15580,0.2,3500,11836
7625,Angora,Test Skin,29900,1,0,0.14,3500,2788
7625,Angora,Test Legion,28700,1,0,0.15,3500,2788
7619,Angora,Test Venust,34000,1,0,0.14,3500,2998
7542,Angora,Test Ardent,28700,1,0,0.15,3500,4406
7528,Angora,Test Invader,55900,1,0,0.15,3500,6861
7524,Angora,Test Flair,28700,1,0,0.15,3500,31
7522,Angora,Test Legion,28700,1,0,0.15,3500,11152
7494,Covert,Test Profuse,95900,1,19180,0.2,3500,6151
7487,Covert,Test Loose,59900,1,11980,0.2,3500,435
7482,Covert,Test Flame,105900,1,21180,0.2,3500,2836
7482,Covert,Test Empress,105901,1,21180.2,0.2,3500,2836
7481,Covert,Test Classic,143900,1,28780,0.2,3500,8078
7476,Angora,Test Invader,55900,1,0,0.15,3500,4714
7475,Angora,Test Venust,55900,1,0,0.15,3500,4714
7474,Covert,Test Safe,119900,1,23980,0.2,3500,8078
7455,Covert,Test Ardor,105900,1,21180,0.2,3500,5570
7448,Covert,Test Marvel,149900,1,29980,0.2,3500,1481
7402,Kit,Test Commune,35445,1,7089.01,0.2,3500,3367
7368,Enviable,Test Flossy,22300.34,2,0,0.25,3500,11054
7262,Enviable,Test Lust,18000,1,0,0.25,3500,2541
7198,Enviable,Test Pulse,18000,1,5400,0.25,3500,3490
7193,Enviable,Test Pulse,18000,1,0,0.25,3500,311
7162,Enviable,Test Lust,18000,1,5400,0.25,3500,4406
7162,Enviable,Test Flossy,22300.34,2,13380.2,0.25,3500,4406
7157,Enviable,Test Pulse,18000,1,0,0.25,3500,11054
7157,Enviable,Test Galaxy,24500.66,1,0,0.25,3500,11054
7136,Enviable,Test Lust,18000,1,5400,0.25,3500,4406
7134,Enviable,Test Galaxy,24500.66,2,14700.39,0.25,3500,4157
7125,Enviable,Test Flossy,22300.34,1,6690.1,0.25,3500,4406
7124,Enviable,Test Flossy,22300.34,3,20070.3,0.25,3500,4406
7118,Enviable,Test Flossy,22300.34,1,0,0.25,3500,7908
7034,Kit,Test Commune,35445,1,0,0.2,3500,1845
7033,Enviable,Test Flossy,20000,1,0,0.35,3500,31
7033,Kit,Test Commune,35445,1,5316,0.2,3500,31
7029,Kit,Test Commune,35445,1,0,0.2,3500,2541
7025,Kit,Test Commune,35445,1,5316,0.2,3500,4112
7024,Kit,Test Swap,35445,1,0,0.2,3500,1
7023,Kit,Test Faille,35445,1,0,0.2,3500,1
7001,Kit,Test Swap,35445,1,5316,0.2,3500,990
6999,Kit,Test Swap,35445,1,5316,0.2,3500,990
6973,Kit,Test Faille,35445,1,5316,0.2,3500,4406
6913,Kit,Test Commune,35445,1,5316,0.2,3500,10217
6913,Enviable,Test Pulse,15000,1,0,0.31,3500,10217
6900,Kit,Test Faille,35445,1,5316,0.2,3500,3
6891,Enviable,Test Pulse,15000,1,0,0.31,3500,11568
6880,Kit,Test Commune,35445,1,0,0.2,3500,1
6880,Enviable,Test Pulse,15000,1,0,0.31,3500,1
6844,Kit,Test Faille,35445,1,5316,0.2,3500,3
6837,Enviable,Test Isolate,24000,1,0,0.31,3500,10773
6832,Kit,Test Commune,35445,1,5316,0.2,3500,7484
6673,Enviable,Test Pulse,15000,1,0,0.31,3500,2218
6570,Enviable,Test Lust,15000,1,0,0.31,3500,7555
6560,Kit,Test Commune,27118,1,0,0.3,3500,1
6560,Enviable,Test Lust,150000,1,0,0.31,3500,1
6531,Enviable,Test Flossy,20000,1,0,0.35,3500,7555
6497,Kit,Test Faille,34990,1,0,0.37,3500,1481